-- insert data in the employee table
INSERT INTO employee VALUES ('Jones', 'Main', 'Harrison');
INSERT INTO employee VALUES ('Smith', 'North', 'Rye');
INSERT INTO employee VALUES ('Hayes', 'Main', 'Harrison');
INSERT INTO employee VALUES ('Curry', 'North', 'Rye');
INSERT INTO employee VALUES ('Lindsay', 'Park', 'Pittsfield');
INSERT INTO employee VALUES ('Turner', 'Putname', 'Stamford');
INSERT INTO employee VALUES ('Williams', 'Nassus', 'Princeton');
INSERT INTO employee VALUES ('Adams', 'Spring', 'Pittsfield');

-- insert data in the company table
INSERT INTO company VALUES('Waltons', 'Harrison');
INSERT INTO company VALUES('Meyer', 'Rye');
INSERT INTO company VALUES('Waltons', 'Rye');
INSERT INTO company VALUES('Woolworths', 'Pittsfield');
INSERT INTO company VALUES('Tweeties', 'Harrison');
INSERT INTO company VALUES('Firebrand', 'Woodside');

-- insert data in the works table
INSERT INTO works VALUES ('Jones', 'Tweeties', 21000);
INSERT INTO works VALUES ('Smith', 'Waltons', 22000);
INSERT INTO works VALUES ('Hayes', 'Woolworths', 19000);
INSERT INTO works VALUES ('Curry', 'Meyer', 25000);
INSERT INTO works VALUES ('Lindsay', 'Meyer', 9000);
INSERT INTO works VALUES ('Turner', 'Firebrand', 20000);
INSERT INTO works VALUES ('Williams', 'Tweeties', 18000);
INSERT INTO works VALUES ('Adams', 'Meyer', 22000);

-- insert data in the works table
INSERT INTO manages VALUES ('Jones', 'Collins');
INSERT INTO manages VALUES ('Smith', 'Collins');
INSERT INTO manages VALUES ('Hayes', 'Wills');
INSERT INTO manages VALUES ('Curry', 'Wills');
INSERT INTO manages VALUES ('Lindsay', 'Mulhare');
INSERT INTO manages VALUES ('Turner', 'Mulhare');
INSERT INTO manages VALUES ('Williams', 'Bond');
INSERT INTO manages VALUES ('Adams', 'Bond');
